train_loss,epoch,step,val_loss,test_acc
0.4233461916446686,0,49,,
0.3884747624397278,0,99,,
,0,112,0.40827012062072754,
,1,126,,0.9244444370269775
