train_loss,epoch,step,val_loss,test_acc
0.6705769300460815,0,49,,
0.6458008289337158,0,99,,
,0,112,0.6396151185035706,
0.6206457614898682,1,149,,
,1,198,,0.8372222185134888
