train_loss,epoch,step,val_loss,test_acc
0.548427939414978,0,49,,
0.5000584721565247,0,99,,
,0,112,0.4903828203678131,
0.508897066116333,1,149,,
0.45554307103157043,1,199,,
,1,225,0.46130552887916565,
0.43805092573165894,2,249,,
0.4550350308418274,2,299,,
,2,338,,0.8899999856948853
