train_loss,epoch,step,val_loss,test_acc
0.6008248329162598,0,49,,
0.5303571820259094,0,99,,
,0,112,0.5301297903060913,
,1,148,,0.8949999809265137
